Username,password,clientsecret,xui-webapp
pcs-solicitor150@test.com,UGEkJHcwcmQ=,Tk9DRkxHVlk0QUxHMzRTRA==,s%3ALWryKsDp3PCDfHpwzKswayXEE_f5bcGX.ZdnqogRWAYYFQDhUWHUomvkDZ06J%2BAzWp5cOAhEiGc8
pcs-solicitor151@test.com,UGEkJHcwcmQ=,Tk9DRkxHVlk0QUxHMzRTRA==,s%3ALTdqEeXUgweGfU6ISxa7lNuf2YP3Ldfx.VtkVoJdqU%2Bk3wkjHKakPJsBgiommslsl3dnd0GzoEyk
pcs-solicitor152@test.com,UGEkJHcwcmQ=,Tk9DRkxHVlk0QUxHMzRTRA==,s%3AJUqKf1jTHfaHuNlGEw-MgJCc4o9R5nUW.uPFz9CP%2FHyfzdfcHdXiEwvtGV9T9c%2BZPlZW%2F7Aqd8Og
pcs-solicitor153@test.com,UGEkJHcwcmQ=,Tk9DRkxHVlk0QUxHMzRTRA==,s%3A9dugws6FZKdzJUR4LeqMiOdibO9eJAx1.wsyO0tZoFFuJZLF2vh0aX5Bfi5ETixipLZlvktZJqpw
pcs-solicitor154@test.com,UGEkJHcwcmQ=,Tk9DRkxHVlk0QUxHMzRTRA==,s%3Az8bpfjXKR4bggJtruR9RTYDFm0EX0r69.YwX4GLoTP2aYM7rFJA1C4p2ntSaGCNWXe3NASOgO22A
pcs-solicitor155@test.com,UGEkJHcwcmQ=,Tk9DRkxHVlk0QUxHMzRTRA==,s%3A1zFfGv7ONX33DGxBrxCISYfRmwowi9qJ.AL4X5C%2FDdDURMauFdSmu%2FBP61Y4pUD0bfIisds4i2fY
pcs-solicitor156@test.com,UGEkJHcwcmQ=,Tk9DRkxHVlk0QUxHMzRTRA==,s%3Azx7AvU6S7NH2xFaz1Ep2yzlQm8eosrh1.Qk%2BDe46ayVNkWxjH6%2F0tQgUojTy2eSPXPlaPz4WGgAA
pcs-solicitor157@test.com,UGEkJHcwcmQ=,Tk9DRkxHVlk0QUxHMzRTRA==,s%3A7rtzD9E5N4V-UfTkyAurGUKe_O-h4Nwc.7b2CQOXq1zYvNLbVTKQoVVPAvy4imQUDEiLC%2FqxM08A
pcs-solicitor158@test.com,UGEkJHcwcmQ=,Tk9DRkxHVlk0QUxHMzRTRA==,s%3AHiej48aE3mItiCDU454tVG5xoQZtcMV4.v1dBDie5bIjoHND6o9EcQuLWjlwX8X3JXKgJyF3NdtI
pcs-solicitor159@test.com,UGEkJHcwcmQ=,Tk9DRkxHVlk0QUxHMzRTRA==,s%3Ai65tRT-gjsJUp9-6kiEeSu1I7f0Mvicw.c0x6iJjx8MFq3UrpIEFyDkxno08pIUliyHt8%2BvK0aKA
pcs-solicitor160@test.com,UGEkJHcwcmQ=,Tk9DRkxHVlk0QUxHMzRTRA==,s%3AVUXK8ZIbheC_w6Y8yL9F9M1Y_3TQE6og.HCxaDh1tnZ0X3L8d6FSjgrzDR3bvIOBYSRHLsBsPnvk
pcs-solicitor161@test.com,UGEkJHcwcmQ=,Tk9DRkxHVlk0QUxHMzRTRA==,s%3Ad581yW_qmtf6b_kHVFl3ngcnLkgINWuT.q4VHy7MbOJ6U%2B0eRLPYncFiL3HSFPcCIDPngYE9ieOg
pcs-solicitor162@test.com,UGEkJHcwcmQ=,Tk9DRkxHVlk0QUxHMzRTRA==,s%3Ax2x2L7_iFEFe8y1_XcDdBm3lKrOechlq.4MOSvpe7Bl8k3S7RjX5XHrS%2BaIR07RrAi%2B6thCsYwpA
pcs-solicitor163@test.com,UGEkJHcwcmQ=,Tk9DRkxHVlk0QUxHMzRTRA==,s%3Ab3j-g3XHM0eUIpLbkIhvTYTBJXbmDDBX.KKqMW6OzhSePUV8vND9qbPEqj4LJN%2BcWdd2r%2BxPQTQA
pcs-solicitor164@test.com,UGEkJHcwcmQ=,Tk9DRkxHVlk0QUxHMzRTRA==,s%3A8mFhcrootEWtFcRFU8kdg4ThgJ4s7wQV.eHPoGDDlIPN6IYOdBBvQIaVaqPdXLgQc2JgJLch1TZ8
pcs-solicitor165@test.com,UGEkJHcwcmQ=,Tk9DRkxHVlk0QUxHMzRTRA==,s%3AvKZL7Z2tBS_leXvSqU51wUAoi99bxBrj.EteNI223XswPw%2F3TBz4GUw%2F55YKbbjr63qqcxDHUbS4
pcs-solicitor166@test.com,UGEkJHcwcmQ=,Tk9DRkxHVlk0QUxHMzRTRA==,s%3AP2UQrCyAuj8j6xfdeaXw4ntFtrgaFoTE.%2FXmwesAaoHJ%2Bc5m5RGwD1bmAtM9epN4bJBimnFevUMs
pcs-solicitor167@test.com,UGEkJHcwcmQ=,Tk9DRkxHVlk0QUxHMzRTRA==,s%3Af1dROikiy3Uu7wmNkgfMpHSEHJ0_wcLU.WO7eicACHJGamQzn0mUnGWL%2B3MwD3Q%2F9xFIuA4wzx40
pcs-solicitor168@test.com,UGEkJHcwcmQ=,Tk9DRkxHVlk0QUxHMzRTRA==,s%3AEk0qOaoIuID7oAZLT0iubAkXmlcEpEXM.xkxWJ0gfAewIQHoUJoBQDFOlxdAj%2FEb5Uveuv0E5p3g
pcs-solicitor169@test.com,UGEkJHcwcmQ=,Tk9DRkxHVlk0QUxHMzRTRA==,s%3AWjxjZ263RhMQLKPPt9oOxZ_tSk6QlTN7.HfTUB5Ls7b3flaSWPV7HVb0kFhyF%2FD11SSi2lXm7dn4
pcs-solicitor170@test.com,UGEkJHcwcmQ=,Tk9DRkxHVlk0QUxHMzRTRA==,s%3Abs3VRQqymXY-dpZTte805vh8YYSyjq4k.pEvOEM7vXk9j%2BZsSfFd%2FG9Vu68T2FPwgBjsuj%2F3VySc
pcs-solicitor171@test.com,UGEkJHcwcmQ=,Tk9DRkxHVlk0QUxHMzRTRA==,s%3ATZqHXzsJzsHHjwlEH6t8upt-HeOD94K0.i8zYgJZk3nfDWmLAZOCJ7107Yb2avV2sUcIpsD7FH70
pcs-solicitor172@test.com,UGEkJHcwcmQ=,Tk9DRkxHVlk0QUxHMzRTRA==,s%3AzZP3z8h2ayuMS-AtubrhYmajwwJ2Jbak.vsxcYek1Z7Fx%2F7KijbP3DzxgoiVxYCzfpHjYpc%2Bxdrs
pcs-solicitor173@test.com,UGEkJHcwcmQ=,Tk9DRkxHVlk0QUxHMzRTRA==,s%3AcEs_V_PDPMKs9SnAIK8BcBXSLEXhqCD6.JgDWrFcnCbyq6BwRcUqF4mzeE0rN22HWd4ZUFMsmB7o
pcs-solicitor174@test.com,UGEkJHcwcmQ=,Tk9DRkxHVlk0QUxHMzRTRA==,s%3Ak6c3-Liqx1NKX1biHpf8WO3Q39o4dnRE.etdynnrf1Ol4z3UNaDlVwclyJSPxqL%2FNeJblhRc8UkU
pcs-solicitor175@test.com,UGEkJHcwcmQ=,Tk9DRkxHVlk0QUxHMzRTRA==,s%3AX8Dr2fBCSlOG-246qkBBiapP1QQ5XWOM.CFq0CXyUCRUADtWRq9wZDIBfCLmyc77wp%2BiINshSXzs
pcs-solicitor176@test.com,UGEkJHcwcmQ=,Tk9DRkxHVlk0QUxHMzRTRA==,s%3AqOkpqdVwCA2DbnhaFAuTdoOsPlUNRjlE.CnIKonXXxK5VGX7ONskjAT9DxXm1uiQJq2k4vXYvWFM
pcs-solicitor177@test.com,UGEkJHcwcmQ=,Tk9DRkxHVlk0QUxHMzRTRA==,s%3A_jR5G-QvhZFY9wOl1knlysoxt1fZ_Zh1.ZI6df%2BAJ%2BEbUOfDUkWIlSQOcGGMyBm6pGKjK71UXgTw
pcs-solicitor178@test.com,UGEkJHcwcmQ=,Tk9DRkxHVlk0QUxHMzRTRA==,s%3AZchQ5_hsDNtD1xYer3vssxyDszOe37RR.Z0RumfSBqUmDEjsxu8A%2FfEYXOkhYaLG2X0kpdiSmGuc
pcs-solicitor179@test.com,UGEkJHcwcmQ=,Tk9DRkxHVlk0QUxHMzRTRA==,s%3AxuFBZKX7mqxyT1gY8HjLvb2K5vkL0V_H.X%2BfTrSjiGsPGAr8Lfmv9siN3%2FTftteTvyVf9YUtiGIY
pcs-solicitor180@test.com,UGEkJHcwcmQ=,Tk9DRkxHVlk0QUxHMzRTRA==,s%3Auk2da8PwFVFljGg_JHDTc7rUcZ-G3r0F.w1dRUjJI9kR3yOISes78RcsvPQzm%2FwsLh4EnKQKj%2B5w
pcs-solicitor181@test.com,UGEkJHcwcmQ=,Tk9DRkxHVlk0QUxHMzRTRA==,s%3Arpo3oOqcbJL8jNgQMUodVG-gGUrXNyab.DplWlrUlorHek7s9gn54PO7bmruQSjjGfS4Z026q4uc
pcs-solicitor182@test.com,UGEkJHcwcmQ=,Tk9DRkxHVlk0QUxHMzRTRA==,s%3AxtzeghuyMs5McjxU3YBc7IANvI3FTVLC.E3ESPnHig72BZ4Qx%2BlVprOhnUcXqYgBKKrFhR6SVVG0
pcs-solicitor183@test.com,UGEkJHcwcmQ=,Tk9DRkxHVlk0QUxHMzRTRA==,s%3ArKsrhd9tJfVXGNFddhlcJmOnWBJAMyzP.OJ2kUhF9UlKZjESU2k%2FQzaKOmcCdVjBn31yABK2zZrU
pcs-solicitor184@test.com,UGEkJHcwcmQ=,Tk9DRkxHVlk0QUxHMzRTRA==,s%3Ax5HPBpz-iSozJT119rXf7tpH0wT1bIm_.oKGTG2LXOPYQxkEecwx%2BZUCuiKnchx%2BpNqsRFAyfPK8
pcs-solicitor185@test.com,UGEkJHcwcmQ=,Tk9DRkxHVlk0QUxHMzRTRA==,s%3AUoyi6TwhJb_pkpi3O_C9_TnGSWH2d1Ui.bwoVcD%2BuxeiOIuHrB31JGrI0GAb6GVQlLHVS9bHTPss
pcs-solicitor186@test.com,UGEkJHcwcmQ=,Tk9DRkxHVlk0QUxHMzRTRA==,s%3Aw7pSFqM0Syky5JRJfx5kv_qenKVAwI0Q.ItHmFEWoCbdZnhmk%2BwiMVhVXq3o7JG8LAOQqSCUVhYQ
pcs-solicitor187@test.com,UGEkJHcwcmQ=,Tk9DRkxHVlk0QUxHMzRTRA==,s%3AElW_FyXLV416n4sDPXRuSr0uX7SgAoJo.F2yabFqV68VYWv5kuANaGN0WgtfKbw9Z6vKNKFb%2BKmE
pcs-solicitor188@test.com,UGEkJHcwcmQ=,Tk9DRkxHVlk0QUxHMzRTRA==,s%3Asbl-gRh1wzotvVys1p5XmIkzaOxDwj9x.fpELARSuXvC9IEXRydqEB9OoUT1jTtCbDI3iqhV0UIU
pcs-solicitor189@test.com,UGEkJHcwcmQ=,Tk9DRkxHVlk0QUxHMzRTRA==,s%3AhyOYjHKrXtk0DlMoPdp8RdLB3DgCuN0o.Xe5B%2BVC%2FIT3H8l5zBBZhK4g3b1XA6VooMpr5kXcsmyg
pcs-solicitor190@test.com,UGEkJHcwcmQ=,Tk9DRkxHVlk0QUxHMzRTRA==,s%3AGmjivk6YWRvZbwrlOxOtBgY-66fVTYVl.0VxiA62nBjybQ5U4r8EsczYBseb3G2jVoaVQV0eSweg
pcs-solicitor191@test.com,UGEkJHcwcmQ=,Tk9DRkxHVlk0QUxHMzRTRA==,s%3A9vOQu76ihwpXuQqy_jPurYv2x4r3P5wX.tcEfZmN2UXgp7mXbZDaHcEPO%2FuWp%2BoH5or5fKhoez2Y
pcs-solicitor192@test.com,UGEkJHcwcmQ=,Tk9DRkxHVlk0QUxHMzRTRA==,s%3AmtrgXUa5Oks_zBB28KrAX8FgthAXAC5P.7U1ELmEZJk58hQp6Gtvjt0rpJx1mYmAzjEUQ67jYZnQ
pcs-solicitor193@test.com,UGEkJHcwcmQ=,Tk9DRkxHVlk0QUxHMzRTRA==,s%3AIgcr9gBHhKhzBsg7xsesgai_STT41BEt.hzcCtse3%2FsabKzerOHVfbkV0YtykPTIVoPamQFazYAU
pcs-solicitor194@test.com,UGEkJHcwcmQ=,Tk9DRkxHVlk0QUxHMzRTRA==,s%3AULD7oiFDv88eyE1Uq0rIialND-I2Pc6b.aNZ5nrJGxYuBduzkRU16TeA%2B7WJMdy%2BKh4Dh6Dfw1yM
pcs-solicitor195@test.com,UGEkJHcwcmQ=,Tk9DRkxHVlk0QUxHMzRTRA==,s%3Aj31_KYsO93zyJLU0cSV_T1KpZ9sJv7a3.UQTxsHN80iWgyY%2FJCDnMsVTI7Eb1GKNQkQ4TQ2nxe78
pcs-solicitor196@test.com,UGEkJHcwcmQ=,Tk9DRkxHVlk0QUxHMzRTRA==,s%3AVH8GFTp94jVBaooDZmG6GHgeP9yC8UFT.LN78q2HThmluDeWomPtq80gV0dnrki9r0KhqvBs8LtA
pcs-solicitor197@test.com,UGEkJHcwcmQ=,Tk9DRkxHVlk0QUxHMzRTRA==,s%3Ax1tIoY2kKzfURRwWCzmQpcup34ccqg4E.%2BRP%2FmPDleUrUakk4XKcUCPPdmuOzhE%2F%2BoyaP6ltn7jQ
pcs-solicitor198@test.com,UGEkJHcwcmQ=,Tk9DRkxHVlk0QUxHMzRTRA==,s%3AZ6TeSVXOrvhqnhRcT3BrtRp04W8L7QY6.RJ9453Fbnl7NwYC2zYwZU12El2Y81S97YM%2FrV9oeCFI
pcs-solicitor199@test.com,UGEkJHcwcmQ=,Tk9DRkxHVlk0QUxHMzRTRA==,s%3A2YADTOmqTO7qLYb2IfJPNxGZvAT8PEM3.im2pCltn4PTVaUe4SHCG%2FUQFKViKYAYSddVl3rbo26M
pcs-solicitor200@test.com,UGEkJHcwcmQ=,Tk9DRkxHVlk0QUxHMzRTRA==,s%3AlGk9CpALaR1BC20InLlLEClz5PAbShAl.V0tLFk0LAxKOal4ibAXx02w%2Ff8Q%2FC4aCu5xIAwzU8%2BA